34.043972, -118.250786, 0.0, 1309927965, 50, Hawthorne, CA
34.043972, -118.250786, 0.0, 1309927975, 50, Hawthorne, CA
34.043972, -118.250786, 0.0, 1309928018, 50, Hawthorne, CA
34.043972, -118.250786, 0.0, 1309928037, 50, Hawthorne, CA
34.05068, -118.249855, 0.0, 1309967281, 50, Hawthorne, CA
34.05068, -118.249855, 0.0, 1309967329, 50, Hawthorne, CA
34.102604, -118.32967, 0.0, 1310059182, 50, Burbank, CA
34.102604, -118.32967, 0.0, 1310059199, 50, Burbank, CA
34.055058, -118.23417, 0.0, 1310084959, 50, Hawthorne, CA
34.055058, -118.23417, 0.0, 1310084987, 50, Hawthorne, CA
34.055058, -118.23417, 0.0, 1310085048, 50, Hawthorne, CA
34.055058, -118.23417, 0.0, 1310085154, 50, Hawthorne, CA
34.01392, -118.20076, 0.0, 1310088605, 50, Hawthorne, CA
34.01392, -118.20076, 0.0, 1310088613, 50, Hawthorne, CA
33.900703, -118.03379, 0.0, 1310090043, 50, Fullerton, CA
35.197536, -111.64981, 0.0, 1310128472, 50, Flagstaff, AZ
35.197536, -111.64981, 0.0, 1310128477, 50, Flagstaff, AZ
35.197536, -111.64981, 0.0, 1310128484, 50, Flagstaff, AZ
35.197536, -111.64981, 0.0, 1310128501, 50, Flagstaff, AZ
35.197536, -111.64981, 0.0, 1310128511, 50, Flagstaff, AZ
35.197536, -111.64981, 0.0, 1310128524, 50, Flagstaff, AZ
35.197536, -111.64981, 0.0, 1310128545, 50, Flagstaff, AZ
35.197536, -111.64981, 0.0, 1310128547, 50, Flagstaff, AZ
35.205788, -111.41764, 0.0, 1310129627, 50, Flagstaff, AZ
35.08732, -110.9062, 0.0, 1310131570, 50, Winslow, AZ
34.81532, -107.03709, 0.0, 1310145532, 50, Albuquerque, NM
35.65868, -105.949776, 0.0, 1310154493, 50, Santa Fe, NM
35.65868, -105.949776, 0.0, 1310154516, 50, Santa Fe, NM
35.65868, -105.949776, 0.0, 1310154626, 50, Santa Fe, NM
35.65868, -105.949776, 0.0, 1310154629, 50, Santa Fe, NM
35.65868, -105.949776, 0.0, 1310154637, 50, Santa Fe, NM
35.670155, -105.965096, 0.0, 1310162185, 50, Santa Fe, NM
35.671295, -105.96384, 0.0, 1310224623, 50, Santa Fe, NM
35.671295, -105.96384, 0.0, 1310225094, 50, Santa Fe, NM
35.671295, -105.96384, 0.0, 1310225511, 50, Santa Fe, NM
35.671295, -105.96384, 0.0, 1310225548, 50, Santa Fe, NM
35.671295, -105.96384, 0.0, 1310225943, 50, Santa Fe, NM
35.671295, -105.96384, 0.0, 1310226206, 50, Santa Fe, NM
35.68789, -105.94497, 0.0, 1310226967, 50, Santa Fe, NM
35.689148, -105.943565, 0.0, 1310227238, 50, Santa Fe, NM
35.689148, -105.943565, 0.0, 1310227257, 50, Santa Fe, NM
35.688896, -105.94141, 0.0, 1310228124, 50, Santa Fe, NM
35.688896, -105.94141, 0.0, 1310228478, 50, Santa Fe, NM
35.687874, -105.93791, 0.0, 1310230366, 50, Santa Fe, NM
35.687325, -105.93832, 0.0, 1310232870, 50, Santa Fe, NM
35.687325, -105.93832, 0.0, 1310235899, 50, Santa Fe, NM
35.687325, -105.93832, 0.0, 1310235910, 50, Santa Fe, NM
35.687325, -105.93832, 0.0, 1310236588, 50, Santa Fe, NM
35.687325, -105.93832, 0.0, 1310237382, 50, Santa Fe, NM
35.687325, -105.93832, 0.0, 1310237427, 50, Santa Fe, NM
35.687325, -105.93832, 0.0, 1310237789, 50, Santa Fe, NM
35.687325, -105.93832, 0.0, 1310238078, 50, Santa Fe, NM
35.687325, -105.93832, 0.0, 1310238130, 50, Santa Fe, NM
35.687325, -105.93832, 0.0, 1310238232, 50, Santa Fe, NM
35.687325, -105.93832, 0.0, 1310238308, 50, Santa Fe, NM
35.687325, -105.93832, 0.0, 1310238403, 50, Santa Fe, NM
35.64968, -105.93496, 0.0, 1310241068, 50, Santa Fe, NM
35.64968, -105.93496, 0.0, 1310242062, 50, Santa Fe, NM
35.64968, -105.93496, 0.0, 1310243002, 50, Santa Fe, NM
35.64968, -105.93496, 0.0, 1310243014, 50, Santa Fe, NM
35.64968, -105.93496, 0.0, 1310244264, 50, Santa Fe, NM
35.666195, -105.9279, 0.0, 1310245985, 50, Santa Fe, NM
35.666195, -105.9279, 0.0, 1310245995, 50, Santa Fe, NM
35.666195, -105.9279, 0.0, 1310246199, 50, Santa Fe, NM
35.666195, -105.9279, 0.0, 1310247634, 50, Santa Fe, NM
35.480904, -105.879845, 0.0, 1310324440, 50, Santa Fe, NM
35.469997, -105.648705, 0.0, 1310329251, 50, Santa Fe, NM
35.469997, -105.648705, 0.0, 1310329267, 50, Santa Fe, NM
35.469997, -105.648705, 0.0, 1310329276, 50, Santa Fe, NM
35.469997, -105.648705, 0.0, 1310329282, 50, Santa Fe, NM
35.469997, -105.648705, 0.0, 1310329286, 50, Santa Fe, NM
40.727615, -91.207565, 0.0, 1310401836, 50, Burlington, IA
40.727615, -91.207565, 0.0, 1310401855, 50, Burlington, IA
40.727615, -91.207565, 0.0, 1310401869, 50, Burlington, IA
40.727615, -91.207565, 0.0, 1310401873, 50, Burlington, IA
40.727615, -91.207565, 0.0, 1310401887, 50, Burlington, IA
40.727615, -91.207565, 0.0, 1310401933, 50, Burlington, IA
40.727615, -91.207565, 0.0, 1310401945, 50, Burlington, IA
40.727615, -91.207565, 0.0, 1310401961, 50, Burlington, IA
40.727615, -91.207565, 0.0, 1310401978, 50, Burlington, IA
40.727615, -91.207565, 0.0, 1310402005, 50, Burlington, IA
40.727615, -91.207565, 0.0, 1310402015, 50, Burlington, IA
40.727615, -91.207565, 0.0, 1310402029, 50, Burlington, IA
40.727615, -91.207565, 0.0, 1310402033, 50, Burlington, IA
40.727615, -91.207565, 0.0, 1310402041, 50, Burlington, IA
41.80673, -87.92729, 0.0, 1310414162, 50, Chicago/Midway, IL
41.80673, -87.92729, 0.0, 1310414222, 50, Chicago/Midway, IL
41.818275, -87.81828, 0.0, 1310414244, 50, Chicago/Midway, IL
41.872704, -87.61641, 0.0, 1310426269, 50, Chicago/Meigs, IL
41.872704, -87.61641, 0.0, 1310426283, 50, Chicago/Meigs, IL
41.872704, -87.61641, 0.0, 1310426324, 50, Chicago/Meigs, IL
41.872704, -87.61641, 0.0, 1310426389, 50, Chicago/Meigs, IL
41.872704, -87.61641, 0.0, 1310426410, 50, Chicago/Meigs, IL
41.872704, -87.61641, 0.0, 1310426443, 50, Chicago/Meigs, IL
41.867546, -87.61646, 0.0, 1310427169, 50, Chicago/Meigs, IL
41.867546, -87.61646, 0.0, 1310427199, 50, Chicago/Meigs, IL
41.867546, -87.61646, 0.0, 1310427349, 50, Chicago/Meigs, IL
41.867546, -87.61646, 0.0, 1310427566, 50, Chicago/Meigs, IL
41.867546, -87.61646, 0.0, 1310427582, 50, Chicago/Meigs, IL
41.867546, -87.61646, 0.0, 1310427800, 50, Chicago/Meigs, IL
41.866375, -87.633156, 0.0, 1310428032, 50, Chicago/Meigs, IL
41.866375, -87.633156, 0.0, 1310428114, 50, Chicago/Meigs, IL
41.866375, -87.633156, 0.0, 1310428237, 50, Chicago/Meigs, IL
41.866375, -87.633156, 0.0, 1310428255, 50, Chicago/Meigs, IL
41.866375, -87.633156, 0.0, 1310428272, 50, Chicago/Meigs, IL
41.866375, -87.633156, 0.0, 1310428526, 50, Chicago/Meigs, IL
41.86583, -87.63647, 0.0, 1310429519, 50, Chicago/Meigs, IL
41.86583, -87.63647, 0.0, 1310429523, 50, Chicago/Meigs, IL
41.86583, -87.63647, 0.0, 1310429533, 50, Chicago/Meigs, IL
41.86789, -87.632774, 0.0, 1310429749, 50, Chicago/Meigs, IL
41.86789, -87.632774, 0.0, 1310429771, 50, Chicago/Meigs, IL
41.86789, -87.632774, 0.0, 1310429787, 50, Chicago/Meigs, IL
41.866375, -87.633156, 0.0, 1310429990, 50, Chicago/Meigs, IL
41.88187, -87.62814, 0.0, 1310483484, 50, Chicago/Meigs, IL
41.88187, -87.62814, 0.0, 1310483559, 50, Chicago/Meigs, IL
41.88849, -87.62473, 0.0, 1310485929, 50, Chicago/Meigs, IL
41.88814, -87.624504, 0.0, 1310485946, 50, Chicago/Meigs, IL
41.88814, -87.624504, 0.0, 1310486043, 50, Chicago/Meigs, IL
41.88814, -87.624504, 0.0, 1310486082, 50, Chicago/Meigs, IL
41.887848, -87.6249, 0.0, 1310486234, 50, Chicago/Meigs, IL
41.887848, -87.6249, 0.0, 1310486265, 50, Chicago/Meigs, IL
41.887848, -87.6249, 0.0, 1310486447, 50, Chicago/Meigs, IL
41.887848, -87.6249, 0.0, 1310486541, 50, Chicago/Meigs, IL
41.887848, -87.6249, 0.0, 1310486554, 50, Chicago/Meigs, IL
41.887848, -87.6249, 0.0, 1310486562, 50, Chicago/Meigs, IL
41.887848, -87.6249, 0.0, 1310486760, 50, Chicago/Meigs, IL
41.893414, -87.61848, 0.0, 1310487219, 50, Chicago/Meigs, IL
41.893414, -87.61848, 0.0, 1310487261, 50, Chicago/Meigs, IL
41.893414, -87.61848, 0.0, 1310487987, 50, Chicago/Meigs, IL
41.89689, -87.61746, 0.0, 1310488799, 50, Chicago, IL
41.89689, -87.61746, 0.0, 1310489241, 50, Chicago, IL
41.89828, -87.62385, 0.0, 1310490596, 50, Chicago, IL
41.897327, -87.62243, 0.0, 1310491541, 50, Chicago, IL
41.897327, -87.62243, 0.0, 1310491556, 50, Chicago, IL
41.897327, -87.62243, 0.0, 1310491614, 50, Chicago, IL
41.897327, -87.62243, 0.0, 1310491702, 50, Chicago, IL
41.897327, -87.62243, 0.0, 1310491878, 50, Chicago, IL
41.897327, -87.62243, 0.0, 1310491921, 50, Chicago, IL
41.897327, -87.62243, 0.0, 1310492156, 50, Chicago, IL
41.890347, -87.63723, 0.0, 1310495343, 50, Chicago, IL
41.890347, -87.63723, 0.0, 1310495442, 50, Chicago, IL
41.890347, -87.63723, 0.0, 1310495640, 50, Chicago, IL
41.88646, -87.63673, 0.0, 1310496412, 50, Chicago, IL
41.88646, -87.63673, 0.0, 1310496434, 50, Chicago, IL
41.88646, -87.63673, 0.0, 1310496448, 50, Chicago, IL
41.88646, -87.63673, 0.0, 1310496483, 50, Chicago, IL
41.88646, -87.63673, 0.0, 1310496597, 50, Chicago, IL
41.88646, -87.63673, 0.0, 1310496684, 50, Chicago, IL
41.88255, -87.63858, 0.0, 1310496987, 50, Chicago/Meigs, IL
41.88255, -87.63858, 0.0, 1310497272, 50, Chicago/Meigs, IL
41.88255, -87.63858, 0.0, 1310497282, 50, Chicago/Meigs, IL
41.883698, -87.63751, 0.0, 1310498739, 50, Chicago, IL
41.883698, -87.63751, 0.0, 1310498757, 50, Chicago, IL
41.87755, -87.6553, 0.0, 1310499266, 50, Chicago, IL
41.87755, -87.6553, 0.0, 1310499758, 50, Chicago, IL
41.87755, -87.6553, 0.0, 1310500487, 50, Chicago, IL
41.879257, -87.65372, 0.0, 1310501348, 50, Chicago, IL
41.87168, -87.65435, 0.0, 1310501757, 50, Chicago/Meigs, IL
41.87378, -87.65266, 0.0, 1310510281, 50, Chicago/Meigs, IL
41.87378, -87.65266, 0.0, 1310510336, 50, Chicago/Meigs, IL
41.87378, -87.65266, 0.0, 1310510342, 50, Chicago/Meigs, IL
35.142773, -90.0482, 0.0, 1310567046, 50, Memphis Intl, TN
35.142773, -90.0482, 0.0, 1310567061, 50, Memphis Intl, TN
35.142773, -90.0482, 0.0, 1310567067, 50, Memphis Intl, TN
35.142773, -90.0482, 0.0, 1310567080, 50, Memphis Intl, TN
35.142773, -90.0482, 0.0, 1310567760, 50, Memphis Intl, TN
35.142773, -90.0482, 0.0, 1310567768, 50, Memphis Intl, TN
35.142773, -90.0482, 0.0, 1310567780, 50, Memphis Intl, TN
35.142773, -90.0482, 0.0, 1310568328, 50, Memphis Intl, TN
35.142773, -90.0482, 0.0, 1310568341, 50, Memphis Intl, TN
35.142773, -90.0482, 0.0, 1310568357, 50, Memphis Intl, TN
34.436756, -90.21904, 0.0, 1310648519, 50, Oxford, MS
34.436756, -90.21904, 0.0, 1310648530, 50, Oxford, MS
34.436756, -90.21904, 0.0, 1310648584, 50, Oxford, MS
32.822987, -90.444595, 0.0, 1310656193, 50, Jackson, MS
32.822987, -90.444595, 0.0, 1310656311, 50, Jackson, MS
32.74122, -90.48757, 0.0, 1310656390, 50, Jackson, MS
32.74122, -90.48757, 0.0, 1310656436, 50, Jackson, MS
32.74122, -90.48757, 0.0, 1310656444, 50, Jackson, MS
31.835918, -90.39678, 0.0, 1310662770, 50, Jackson, MS
31.835918, -90.39678, 0.0, 1310662781, 50, Jackson, MS
31.793922, -90.41876, 0.0, 1310662798, 50, Jackson, MS
31.793922, -90.41876, 0.0, 1310662951, 50, Jackson, MS
31.657429, -90.44716, 0.0, 1310663252, 50, Mccomb, MS
31.657429, -90.44716, 0.0, 1310663305, 50, Mccomb, MS
31.657429, -90.44716, 0.0, 1310663310, 50, Mccomb, MS
31.590496, -90.43763, 0.0, 1310663823, 50, Mccomb, MS
31.590496, -90.43763, 0.0, 1310663874, 50, Mccomb, MS
31.244131, -90.45154, 0.0, 1310665626, 50, Mccomb, MS
31.243109, -90.451866, 0.0, 1310665868, 50, Mccomb, MS
30.506117, -90.461815, 0.0, 1310668927, 50, New Orleans, LA
30.506117, -90.461815, 0.0, 1310668944, 50, New Orleans, LA
30.199778, -90.430405, 0.0, 1310670301, 50, New Orleans, LA
30.062366, -90.38469, 0.0, 1310670913, 50, New Orleans, LA
30.062366, -90.38469, 0.0, 1310670929, 50, New Orleans, LA
29.968395, -90.09208, 0.0, 1310735958, 50, New Orleans, LA
29.968395, -90.09208, 0.0, 1310736141, 50, New Orleans, LA
29.968395, -90.09208, 0.0, 1310736152, 50, New Orleans, LA
29.968395, -90.09208, 0.0, 1310736223, 50, New Orleans, LA
29.958076, -90.067566, 0.0, 1310751844, 50, New Orleans, LA
29.958076, -90.067566, 0.0, 1310751860, 50, New Orleans, LA
29.958076, -90.067566, 0.0, 1310751866, 50, New Orleans, LA
29.958076, -90.067566, 0.0, 1310751871, 50, New Orleans, LA
29.928371, -90.07708, 0.0, 1310766264, 50, New Orleans, LA
29.928371, -90.07708, 0.0, 1310766306, 50, New Orleans, LA
32.09406, -88.87339, 0.0, 1310832445, 50, Meridian/Key, MS
32.09406, -88.87339, 0.0, 1310834837, 50, Meridian/Key, MS
33.192204, -87.5695, 0.0, 1310837472, 50, Tuscaloosa, AL
33.196228, -87.4872, 0.0, 1310840402, 50, Tuscaloosa, AL
33.196228, -87.4872, 0.0, 1310840404, 50, Tuscaloosa, AL
33.196228, -87.4872, 0.0, 1310840477, 50, Tuscaloosa, AL
33.603085, -85.9683, 0.0, 1310849944, 50, Anniston, AL
33.60458, -85.96266, 0.0, 1310850008, 50, Anniston, AL
33.60458, -85.96266, 0.0, 1310850021, 50, Anniston, AL
33.60458, -85.96266, 0.0, 1310850041, 50, Anniston, AL
33.60458, -85.96266, 0.0, 1310850149, 50, Anniston, AL
33.63836, -85.90924, 0.0, 1310850278, 50, Anniston, AL
40.718246, -74.02357, 0.0, 1311001807, 50, New York, NY
40.718246, -74.02357, 0.0, 1311001828, 50, New York, NY
40.718246, -74.02357, 0.0, 1311002049, 50, New York, NY
40.706554, -74.013115, 0.0, 1311002921, 50, New York, NY
40.706554, -74.013115, 0.0, 1311002935, 50, New York, NY
40.706554, -74.013115, 0.0, 1311002952, 50, New York, NY
40.706554, -74.013115, 0.0, 1311003028, 50, New York, NY
40.706554, -74.013115, 0.0, 1311003051, 50, New York, NY
40.706554, -74.013115, 0.0, 1311003874, 50, New York, NY
40.706554, -74.013115, 0.0, 1311004065, 50, New York, NY
40.706554, -74.013115, 0.0, 1311004073, 50, New York, NY
40.706554, -74.013115, 0.0, 1311004161, 50, New York, NY
40.706554, -74.013115, 0.0, 1311004169, 50, New York, NY
40.706554, -74.013115, 0.0, 1311004728, 50, New York, NY
40.706554, -74.013115, 0.0, 1311005162, 50, New York, NY
40.706554, -74.013115, 0.0, 1311005249, 50, New York, NY
40.706554, -74.013115, 0.0, 1311005274, 50, New York, NY
40.706554, -74.013115, 0.0, 1311005288, 50, New York, NY
40.706554, -74.013115, 0.0, 1311005517, 50, New York, NY
40.706554, -74.013115, 0.0, 1311005723, 50, New York, NY
40.7624, -73.97348, 0.0, 1311081615, 50, New York, NY
40.7624, -73.97348, 0.0, 1311081639, 50, New York, NY
40.7624, -73.97348, 0.0, 1311081909, 50, New York, NY
40.7624, -73.97348, 0.0, 1311082060, 50, New York, NY
40.7624, -73.97348, 0.0, 1311082118, 50, New York, NY
40.7624, -73.97348, 0.0, 1311082212, 50, New York, NY
40.77651, -73.9754, 0.0, 1311083922, 50, New York, NY
40.77651, -73.9754, 0.0, 1311084403, 50, New York, NY
40.77651, -73.9754, 0.0, 1311084737, 50, New York, NY
40.77651, -73.9754, 0.0, 1311084744, 50, New York, NY
40.785732, -73.96207, 0.0, 1311084958, 50, New York, NY
40.785732, -73.96207, 0.0, 1311084973, 50, New York, NY
40.785732, -73.96207, 0.0, 1311085067, 50, New York, NY
40.785732, -73.96207, 0.0, 1311085077, 50, New York, NY
40.785732, -73.96207, 0.0, 1311086303, 50, New York, NY
40.785732, -73.96207, 0.0, 1311086339, 50, New York, NY
40.77901, -73.962524, 0.0, 1311086810, 50, New York, NY
40.77901, -73.962524, 0.0, 1311086909, 50, New York, NY
40.77901, -73.962524, 0.0, 1311086972, 50, New York, NY
40.77901, -73.962524, 0.0, 1311087412, 50, New York, NY
40.77901, -73.962524, 0.0, 1311087423, 50, New York, NY
40.77901, -73.962524, 0.0, 1311087613, 50, New York, NY
40.77901, -73.962524, 0.0, 1311087799, 50, New York, NY
40.77901, -73.962524, 0.0, 1311088406, 50, New York, NY
40.77901, -73.962524, 0.0, 1311088824, 50, New York, NY
40.77901, -73.962524, 0.0, 1311088972, 50, New York, NY
40.77901, -73.962524, 0.0, 1311089358, 50, New York, NY
40.77901, -73.962524, 0.0, 1311089849, 50, New York, NY
40.77901, -73.962524, 0.0, 1311089946, 50, New York, NY
40.77901, -73.962524, 0.0, 1311089973, 50, New York, NY
40.77901, -73.962524, 0.0, 1311090750, 50, New York, NY
40.77901, -73.962524, 0.0, 1311090973, 50, New York, NY
40.77901, -73.962524, 0.0, 1311091667, 50, New York, NY
40.77901, -73.962524, 0.0, 1311091730, 50, New York, NY
40.77901, -73.962524, 0.0, 1311092300, 50, New York, NY
40.77901, -73.962524, 0.0, 1311092378, 50, New York, NY
40.77901, -73.962524, 0.0, 1311093530, 50, New York, NY
40.77901, -73.962524, 0.0, 1311094092, 50, New York, NY
40.77901, -73.962524, 0.0, 1311094235, 50, New York, NY
40.77901, -73.962524, 0.0, 1311094247, 50, New York, NY
40.77901, -73.962524, 0.0, 1311095925, 50, New York, NY
40.77901, -73.962524, 0.0, 1311096218, 50, New York, NY
40.77901, -73.962524, 0.0, 1311096318, 50, New York, NY
40.77901, -73.962524, 0.0, 1311096502, 50, New York, NY
40.77901, -73.962524, 0.0, 1311096580, 50, New York, NY
40.77901, -73.962524, 0.0, 1311096774, 50, New York, NY
40.77901, -73.962524, 0.0, 1311096842, 50, New York, NY
40.77901, -73.962524, 0.0, 1311097265, 50, New York, NY
40.77901, -73.962524, 0.0, 1311097658, 50, New York, NY
40.77901, -73.962524, 0.0, 1311097663, 50, New York, NY
40.77901, -73.962524, 0.0, 1311098124, 50, New York, NY
40.77901, -73.962524, 0.0, 1311098588, 50, New York, NY
40.77901, -73.962524, 0.0, 1311099413, 50, New York, NY
40.762314, -73.97217, 0.0, 1311101592, 50, New York, NY
40.762314, -73.97217, 0.0, 1311102404, 50, New York, NY
40.762314, -73.97217, 0.0, 1311102776, 50, New York, NY
40.762314, -73.97217, 0.0, 1311103385, 50, New York, NY
40.762314, -73.97217, 0.0, 1311103778, 50, New York, NY
40.762314, -73.97217, 0.0, 1311103912, 50, New York, NY
40.762314, -73.97217, 0.0, 1311103925, 50, New York, NY
40.762314, -73.97217, 0.0, 1311104064, 50, New York, NY
40.762314, -73.97217, 0.0, 1311104359, 50, New York, NY
40.762314, -73.97217, 0.0, 1311104368, 50, New York, NY
40.762314, -73.97217, 0.0, 1311104502, 50, New York, NY
40.762314, -73.97217, 0.0, 1311104522, 50, New York, NY
40.762314, -73.97217, 0.0, 1311104631, 50, New York, NY
40.762314, -73.97217, 0.0, 1311104738, 50, New York, NY
40.762314, -73.97217, 0.0, 1311105335, 50, New York, NY
40.762314, -73.97217, 0.0, 1311105668, 50, New York, NY
40.762314, -73.97217, 0.0, 1311105775, 50, New York, NY
40.762314, -73.97217, 0.0, 1311107662, 50, New York, NY
40.746056, -73.98488, 0.0, 1311172799, 50, New York, NY
40.746056, -73.98488, 0.0, 1311172807, 50, New York, NY
40.746056, -73.98488, 0.0, 1311172830, 50, New York, NY
40.746056, -73.98488, 0.0, 1311173136, 50, New York, NY
40.746056, -73.98488, 0.0, 1311173148, 50, New York, NY
40.746056, -73.98488, 0.0, 1311173582, 50, New York, NY
40.746056, -73.98488, 0.0, 1311175544, 50, New York, NY
40.746056, -73.98488, 0.0, 1311177116, 50, New York, NY
40.746056, -73.98488, 0.0, 1311177225, 50, New York, NY
40.746056, -73.98488, 0.0, 1311177483, 50, New York, NY
40.746395, -73.99854, 0.0, 1311178943, 50, New York, NY
40.746395, -73.99854, 0.0, 1311178948, 50, New York, NY
40.746395, -73.99854, 0.0, 1311179233, 50, New York, NY
40.746395, -73.99854, 0.0, 1311179271, 50, New York, NY
40.746395, -73.99854, 0.0, 1311179284, 50, New York, NY
40.746395, -73.99854, 0.0, 1311181054, 50, New York, NY
40.746395, -73.99854, 0.0, 1311181252, 50, New York, NY
40.746395, -73.99854, 0.0, 1311182300, 50, New York, NY
40.746395, -73.99854, 0.0, 1311182703, 50, New York, NY
40.746395, -73.99854, 0.0, 1311182781, 50, New York, NY
40.746395, -73.99854, 0.0, 1311182848, 50, New York, NY
40.746395, -73.99854, 0.0, 1311183172, 50, New York, NY
40.746395, -73.99854, 0.0, 1311183309, 50, New York, NY
40.746395, -73.99854, 0.0, 1311183376, 50, New York, NY
40.746395, -73.99854, 0.0, 1311183679, 50, New York, NY
40.746395, -73.99854, 0.0, 1311183778, 50, New York, NY
40.746395, -73.99854, 0.0, 1311183867, 50, New York, NY
40.746395, -73.99854, 0.0, 1311183961, 50, New York, NY
40.746395, -73.99854, 0.0, 1311184113, 50, New York, NY
40.746395, -73.99854, 0.0, 1311184128, 50, New York, NY
40.746395, -73.99854, 0.0, 1311184188, 50, New York, NY
40.746395, -73.99854, 0.0, 1311184202, 50, New York, NY
40.746395, -73.99854, 0.0, 1311184489, 50, New York, NY
40.746395, -73.99854, 0.0, 1311184899, 50, New York, NY
40.74333, -74.001, 0.0, 1311189970, 50, New York, NY
40.73383, -73.99936, 0.0, 1311191996, 50, New York, NY
40.73368, -74.003334, 0.0, 1311196014, 50, New York, NY
40.73399, -74.00321, 0.0, 1311196213, 50, New York, NY
40.73399, -74.00321, 0.0, 1311197503, 50, New York, NY
40.724705, -74.00554, 0.0, 1311197613, 50, New York, NY
40.724705, -74.00554, 0.0, 1311197826, 50, New York, NY
40.724705, -74.00554, 0.0, 1311198090, 50, New York, NY
40.724705, -74.00554, 0.0, 1311198411, 50, New York, NY
40.724705, -74.00554, 0.0, 1311198477, 50, New York, NY
40.724705, -74.00554, 0.0, 1311198521, 50, New York, NY
40.724705, -74.00554, 0.0, 1311198547, 50, New York, NY
40.724705, -74.00554, 0.0, 1311198557, 50, New York, NY
40.72255, -74.00406, 0.0, 1311199298, 50, New York, NY
40.72255, -74.00406, 0.0, 1311199351, 50, New York, NY
40.72192, -74.00515, 0.0, 1311199926, 50, New York, NY
40.71461, -73.99232, 0.0, 1311200262, 50, New York, NY
40.703903, -74.01475, 0.0, 1311204037, 50, New York, NY
40.703903, -74.01475, 0.0, 1311204050, 50, New York, NY
40.703903, -74.01475, 0.0, 1311205265, 50, New York, NY
40.696365, -74.012085, 0.0, 1311206399, 50, New York, NY
40.696365, -74.012085, 0.0, 1311206551, 50, New York, NY
40.696365, -74.012085, 0.0, 1311206694, 50, New York, NY
40.696365, -74.012085, 0.0, 1311206717, 50, New York, NY
40.696365, -74.012085, 0.0, 1311207087, 50, New York, NY
40.708263, -74.01626, 0.0, 1311207417, 50, New York, NY
40.708263, -74.01626, 0.0, 1311208232, 50, New York, NY
40.712147, -74.056114, 0.0, 1311210544, 50, New York, NY
40.712147, -74.056114, 0.0, 1311210556, 50, New York, NY
40.712147, -74.056114, 0.0, 1311210601, 50, New York, NY
40.712147, -74.056114, 0.0, 1311210610, 50, New York, NY
40.712147, -74.056114, 0.0, 1311210624, 50, New York, NY
40.712147, -74.056114, 0.0, 1311210683, 50, New York, NY
40.712147, -74.056114, 0.0, 1311210719, 50, New York, NY
40.676533, -74.018974, 0.0, 1311210827, 50, New York, NY
40.69647, -74.01535, 0.0, 1311213903, 50, New York, NY
40.69647, -74.01535, 0.0, 1311213910, 50, New York, NY
40.69647, -74.01535, 0.0, 1311213921, 50, New York, NY
40.69647, -74.01535, 0.0, 1311213929, 50, New York, NY
42.349087, -71.073814, 0.0, 1311430475, 50, Boston, MA
42.349087, -71.073814, 0.0, 1311430489, 50, Boston, MA
42.349087, -71.073814, 0.0, 1311430775, 50, Boston, MA
42.35238, -71.07551, 0.0, 1311431017, 50, Boston, MA
42.35238, -71.07551, 0.0, 1311431060, 50, Boston, MA
42.35345, -71.07409, 0.0, 1311431139, 50, Boston, MA
42.355553, -71.07147, 0.0, 1311431498, 50, Boston, MA
42.355553, -71.07147, 0.0, 1311431518, 50, Boston, MA
42.355553, -71.07147, 0.0, 1311431530, 50, Boston, MA
42.356655, -71.06604, 0.0, 1311432128, 50, Boston, MA
42.357204, -71.06338, 0.0, 1311432371, 50, Boston, MA
42.357204, -71.06338, 0.0, 1311432426, 50, Boston, MA
42.357204, -71.06338, 0.0, 1311432438, 50, Boston, MA
42.357204, -71.06338, 0.0, 1311432483, 50, Boston, MA
42.357204, -71.06338, 0.0, 1311432684, 50, Boston, MA
42.35904, -71.05751, 0.0, 1311433515, 50, Boston, MA
42.358875, -71.055244, 0.0, 1311433887, 50, Boston, MA
42.360394, -71.04803, 0.0, 1311434354, 50, Boston, MA
42.360477, -71.049255, 0.0, 1311435077, 50, Boston, MA
42.360477, -71.049255, 0.0, 1311435225, 50, Boston, MA
42.366116, -71.06047, 0.0, 1311437975, 50, Boston, MA
42.366116, -71.06047, 0.0, 1311440790, 50, Boston, MA
42.356926, -71.10165, 0.0, 1311453277, 50, Boston, MA
42.356926, -71.10165, 0.0, 1311453285, 50, Boston, MA
42.356926, -71.10165, 0.0, 1311453292, 50, Boston, MA
42.89274, -74.09266, 0.0, 1311557267, 50, Schenectady, NY
41.77197, -81.030334, 0.0, 1311583984, 50, Willoughby, OH
41.77197, -81.030334, 0.0, 1311584008, 50, Willoughby, OH
41.77197, -81.030334, 0.0, 1311584026, 50, Willoughby, OH
41.617054, -88.800835, 0.0, 1311624931, 50, Marseilles, IL
41.617054, -88.800835, 0.0, 1311624941, 50, Marseilles, IL
41.33368, -89.136444, 0.0, 1311625989, 50, Marseilles, IL
41.33368, -89.136444, 0.0, 1311626008, 50, Marseilles, IL
41.33368, -89.136444, 0.0, 1311626037, 50, Marseilles, IL
41.33368, -89.136444, 0.0, 1311626152, 50, Marseilles, IL
41.482426, -89.232254, 0.0, 1311626240, 50, Sterling, IL
41.482426, -89.232254, 0.0, 1311626249, 50, Sterling, IL
41.412064, -89.398, 0.0, 1311626572, 50, Bradford, IL
41.412064, -89.398, 0.0, 1311626588, 50, Bradford, IL
41.38539, -89.466034, 0.0, 1311627127, 50, Bradford, IL
41.37352, -89.472626, 0.0, 1311627167, 50, Bradford, IL
41.37352, -89.472626, 0.0, 1311627223, 50, Bradford, IL
41.300762, -90.19435, 0.0, 1311629016, 50, Moline/Quad, IL
41.056274, -90.33337, 0.0, 1311629495, 50, Galesburg, IL
40.9537, -90.335686, 0.0, 1311629894, 50, Galesburg, IL
40.944332, -90.36359, 0.0, 1311630295, 50, Galesburg, IL
40.962257, -91.53315, 0.0, 1311637049, 50, Burlington, IA
40.962257, -91.53315, 0.0, 1311637066, 50, Burlington, IA
40.122135, -102.6858, 0.0, 1311690650, 50, Akron, CO
40.08789, -102.832375, 0.0, 1311690663, 50, Akron, CO
40.08789, -102.832375, 0.0, 1311690694, 50, Akron, CO
40.08789, -102.832375, 0.0, 1311690697, 50, Akron, CO
40.08789, -102.832375, 0.0, 1311690702, 50, Akron, CO
40.08789, -102.832375, 0.0, 1311690739, 50, Akron, CO
40.303146, -102.949684, 0.0, 1311690785, 50, Akron, CO
40.303146, -102.949684, 0.0, 1311690833, 50, Akron, CO
40.303146, -102.949684, 0.0, 1311690841, 50, Akron, CO
40.303146, -102.949684, 0.0, 1311690869, 50, Akron, CO
40.303146, -102.949684, 0.0, 1311690913, 50, Akron, CO
40.145443, -102.97611, 0.0, 1311691174, 50, Akron, CO
40.145443, -102.97611, 0.0, 1311691194, 50, Akron, CO
40.145443, -102.97611, 0.0, 1311691280, 50, Akron, CO
40.253036, -103.79608, 0.0, 1311691936, 50, Akron, CO
40.253036, -103.79608, 0.0, 1311692029, 50, Akron, CO
40.253036, -103.79608, 0.0, 1311694374, 50, Akron, CO
40.253036, -103.79608, 0.0, 1311694396, 50, Akron, CO
40.253036, -103.79608, 0.0, 1311694441, 50, Akron, CO
40.202953, -104.2523, 0.0, 1311696734, 50, Greeley-Wld, CO
40.122955, -104.48089, 0.0, 1311697630, 50, Greeley-Wld, CO
40.06028, -104.655304, 0.0, 1311698535, 50, Buckley, CO
39.949368, -104.77464, 0.0, 1311699037, 50, Denver, CO
39.915115, -104.814125, 0.0, 1311699124, 50, Denver, CO
39.794777, -104.9699, 0.0, 1311700659, 50, Denver, CO
39.794777, -104.9699, 0.0, 1311700667, 50, Denver, CO
39.794777, -104.9699, 0.0, 1311700797, 50, Denver, CO
39.794777, -104.9699, 0.0, 1311700803, 50, Denver, CO
39.769634, -104.98872, 0.0, 1311700980, 50, Denver, CO
39.81211, -105.09933, 0.0, 1311706868, 50, Brmfield/Jef, CO
39.81211, -105.09933, 0.0, 1311706910, 50, Brmfield/Jef, CO
39.831642, -105.16357, 0.0, 1311706942, 50, Brmfield/Jef, CO
39.831642, -105.16357, 0.0, 1311706976, 50, Brmfield/Jef, CO
39.831642, -105.16357, 0.0, 1311707123, 50, Brmfield/Jef, CO
39.831642, -105.16357, 0.0, 1311707182, 50, Brmfield/Jef, CO
39.831642, -105.16357, 0.0, 1311707268, 50, Brmfield/Jef, CO
39.831642, -105.16357, 0.0, 1311707271, 50, Brmfield/Jef, CO
39.859386, -105.26027, 0.0, 1311707383, 50, Brmfield/Jef, CO
39.859386, -105.26027, 0.0, 1311707389, 50, Brmfield/Jef, CO
39.859386, -105.26027, 0.0, 1311707540, 50, Brmfield/Jef, CO
39.86168, -105.25293, 0.0, 1311707708, 50, Brmfield/Jef, CO
39.862553, -105.26561, 0.0, 1311707750, 50, Brmfield/Jef, CO
39.862553, -105.26561, 0.0, 1311707790, 50, Brmfield/Jef, CO
39.862553, -105.26561, 0.0, 1311707796, 50, Brmfield/Jef, CO
39.862553, -105.26561, 0.0, 1311707805, 50, Brmfield/Jef, CO
39.862553, -105.26561, 0.0, 1311707817, 50, Brmfield/Jef, CO
39.862553, -105.26561, 0.0, 1311707846, 50, Brmfield/Jef, CO
39.862553, -105.26561, 0.0, 1311707917, 50, Brmfield/Jef, CO
39.862553, -105.26561, 0.0, 1311707928, 50, Brmfield/Jef, CO
39.86611, -105.26671, 0.0, 1311708200, 50, Brmfield/Jef, CO
39.888, -105.2746, 0.0, 1311708986, 50, Brmfield/Jef, CO
39.888, -105.2746, 0.0, 1311708993, 50, Brmfield/Jef, CO
39.888, -105.2746, 0.0, 1311708999, 50, Brmfield/Jef, CO
39.888, -105.2746, 0.0, 1311709098, 50, Brmfield/Jef, CO
39.888, -105.2746, 0.0, 1311709110, 50, Brmfield/Jef, CO
39.888, -105.2746, 0.0, 1311709662, 50, Brmfield/Jef, CO
39.888, -105.2746, 0.0, 1311709668, 50, Brmfield/Jef, CO
39.888, -105.2746, 0.0, 1311709671, 50, Brmfield/Jef, CO
39.888, -105.2746, 0.0, 1311709929, 50, Brmfield/Jef, CO
39.888, -105.2746, 0.0, 1311710128, 50, Brmfield/Jef, CO
39.89265, -105.76247, 0.0, 1311710264, 50, Winter Park, CO
39.89265, -105.76247, 0.0, 1311710289, 50, Winter Park, CO
39.89265, -105.76247, 0.0, 1311710295, 50, Winter Park, CO
39.89265, -105.76247, 0.0, 1311710387, 50, Winter Park, CO
39.89265, -105.76247, 0.0, 1311710498, 50, Winter Park, CO
39.89265, -105.76247, 0.0, 1311710519, 50, Winter Park, CO
39.89265, -105.76247, 0.0, 1311710646, 50, Winter Park, CO
39.89265, -105.76247, 0.0, 1311710712, 50, Winter Park, CO
39.89265, -105.76247, 0.0, 1311710886, 50, Winter Park, CO
39.89265, -105.76247, 0.0, 1311710955, 50, Winter Park, CO
39.89265, -105.76247, 0.0, 1311711220, 50, Winter Park, CO
39.89265, -105.76247, 0.0, 1311711226, 50, Winter Park, CO
39.89265, -105.76247, 0.0, 1311711386, 50, Winter Park, CO
39.89265, -105.76247, 0.0, 1311711492, 50, Winter Park, CO
39.89265, -105.76247, 0.0, 1311712177, 50, Winter Park, CO
39.913673, -105.78447, 0.0, 1311712342, 50, Winter Park, CO
39.913673, -105.78447, 0.0, 1311712345, 50, Winter Park, CO
39.924103, -105.79302, 0.0, 1311712670, 50, Winter Park, CO
39.94549, -105.81691, 0.0, 1311712849, 50, Winter Park, CO
39.948074, -105.81777, 0.0, 1311712932, 50, Winter Park, CO
39.948074, -105.81777, 0.0, 1311712936, 50, Winter Park, CO
39.948074, -105.81777, 0.0, 1311712952, 50, Winter Park, CO
39.980953, -105.82896, 0.0, 1311713764, 50, Winter Park, CO
39.980953, -105.82896, 0.0, 1311713768, 50, Winter Park, CO
40.062893, -105.87844, 0.0, 1311714028, 50, Winter Park, CO
40.062828, -106.12559, 0.0, 1311716005, 50, Winter Park, CO
40.062828, -106.12559, 0.0, 1311716432, 50, Winter Park, CO
40.23341, -106.439445, 0.0, 1311717319, 50, Steamboat Sp, CO
40.23341, -106.439445, 0.0, 1311717376, 50, Steamboat Sp, CO
40.23341, -106.439445, 0.0, 1311717434, 50, Steamboat Sp, CO
40.23341, -106.439445, 0.0, 1311717440, 50, Steamboat Sp, CO
40.23341, -106.439445, 0.0, 1311717557, 50, Steamboat Sp, CO
40.23341, -106.439445, 0.0, 1311717590, 50, Steamboat Sp, CO
40.23341, -106.439445, 0.0, 1311717597, 50, Steamboat Sp, CO
40.23341, -106.439445, 0.0, 1311717633, 50, Steamboat Sp, CO
40.23341, -106.439445, 0.0, 1311718044, 50, Steamboat Sp, CO
40.23341, -106.439445, 0.0, 1311718153, 50, Steamboat Sp, CO
40.23341, -106.439445, 0.0, 1311718162, 50, Steamboat Sp, CO
40.23341, -106.439445, 0.0, 1311718229, 50, Steamboat Sp, CO
40.23341, -106.439445, 0.0, 1311718276, 50, Steamboat Sp, CO
40.23341, -106.439445, 0.0, 1311718304, 50, Steamboat Sp, CO
40.23341, -106.439445, 0.0, 1311718335, 50, Steamboat Sp, CO
40.23341, -106.439445, 0.0, 1311718350, 50, Steamboat Sp, CO
40.23341, -106.439445, 0.0, 1311718355, 50, Steamboat Sp, CO
40.23341, -106.439445, 0.0, 1311718464, 50, Steamboat Sp, CO
40.23341, -106.439445, 0.0, 1311718472, 50, Steamboat Sp, CO
40.23341, -106.439445, 0.0, 1311718619, 50, Steamboat Sp, CO
40.23341, -106.439445, 0.0, 1311718675, 50, Steamboat Sp, CO
40.23341, -106.439445, 0.0, 1311718714, 50, Steamboat Sp, CO
40.23341, -106.439445, 0.0, 1311718959, 50, Steamboat Sp, CO
40.23341, -106.439445, 0.0, 1311719006, 50, Steamboat Sp, CO
40.23341, -106.439445, 0.0, 1311719047, 50, Steamboat Sp, CO
40.23341, -106.439445, 0.0, 1311719087, 50, Steamboat Sp, CO
40.23341, -106.439445, 0.0, 1311719133, 50, Steamboat Sp, CO
40.23341, -106.439445, 0.0, 1311719181, 50, Steamboat Sp, CO
40.23341, -106.439445, 0.0, 1311720731, 50, Steamboat Sp, CO
40.23341, -106.439445, 0.0, 1311720859, 50, Steamboat Sp, CO
39.645668, -107.059326, 0.0, 1311720972, 50, Eagle, CO
39.645668, -107.059326, 0.0, 1311721084, 50, Eagle, CO
39.645668, -107.059326, 0.0, 1311721201, 50, Eagle, CO
39.645668, -107.059326, 0.0, 1311722266, 50, Eagle, CO
39.645668, -107.059326, 0.0, 1311722860, 50, Eagle, CO
39.645668, -107.059326, 0.0, 1311722866, 50, Eagle, CO
39.645668, -107.059326, 0.0, 1311722879, 50, Eagle, CO
39.645668, -107.059326, 0.0, 1311722907, 50, Eagle, CO
39.645668, -107.059326, 0.0, 1311723099, 50, Eagle, CO
39.645668, -107.059326, 0.0, 1311723319, 50, Eagle, CO
39.645668, -107.059326, 0.0, 1311723847, 50, Eagle, CO
39.645668, -107.059326, 0.0, 1311723948, 50, Eagle, CO
39.645668, -107.059326, 0.0, 1311724315, 50, Eagle, CO
39.646687, -107.0412, 0.0, 1311725433, 50, Eagle, CO
39.646687, -107.0412, 0.0, 1311725452, 50, Eagle, CO
39.594013, -107.18019, 0.0, 1311725911, 50, Eagle, CO
39.594013, -107.18019, 0.0, 1311725919, 50, Eagle, CO
39.594013, -107.18019, 0.0, 1311725956, 50, Eagle, CO
39.594013, -107.18019, 0.0, 1311725966, 50, Eagle, CO
39.594013, -107.18019, 0.0, 1311726044, 50, Eagle, CO
39.561157, -107.271164, 0.0, 1311726103, 50, Eagle, CO
39.561157, -107.271164, 0.0, 1311726276, 50, Eagle, CO
39.561157, -107.271164, 0.0, 1311726392, 50, Eagle, CO
39.561157, -107.271164, 0.0, 1311726535, 50, Eagle, CO
39.55234, -107.33502, 0.0, 1311727108, 50, Eagle, CO
39.55234, -107.33502, 0.0, 1311727222, 50, Eagle, CO
39.55234, -107.33502, 0.0, 1311727351, 50, Eagle, CO
39.55234, -107.33502, 0.0, 1311727451, 50, Eagle, CO
39.55234, -107.33502, 0.0, 1311727524, 50, Eagle, CO
39.55234, -107.33502, 0.0, 1311727562, 50, Eagle, CO
39.55094, -107.33599, 0.0, 1311727957, 50, Eagle, CO
39.553444, -107.34175, 0.0, 1311728074, 50, Eagle, CO
39.553444, -107.34175, 0.0, 1311728202, 50, Eagle, CO
39.439312, -108.04086, 0.0, 1311731000, 50, Rifle, CO
39.26599, -108.24863, 0.0, 1311731604, 50, Grand Jct, CO
39.16615, -108.297516, 0.0, 1311732705, 50, Grand Jct, CO
39.118824, -108.32231, 0.0, 1311732769, 50, Grand Jct, CO
39.118824, -108.32231, 0.0, 1311732865, 50, Grand Jct, CO
39.118824, -108.32231, 0.0, 1311732942, 50, Grand Jct, CO
39.08502, -108.50059, 0.0, 1311733129, 50, Grand Jct, CO
39.08502, -108.50059, 0.0, 1311733181, 50, Grand Jct, CO
39.08502, -108.50059, 0.0, 1311733270, 50, Grand Jct, CO
39.076748, -108.553375, 0.0, 1311734187, 50, Grand Jct, CO
40.25766, -111.697395, 0.0, 1311799373, 50, Provo, UT
40.25766, -111.697395, 0.0, 1311799381, 50, Provo, UT
40.25766, -111.697395, 0.0, 1311799451, 50, Provo, UT
40.25766, -111.697395, 0.0, 1311799457, 50, Provo, UT
40.25766, -111.697395, 0.0, 1311799464, 50, Provo, UT
40.27355, -111.71106, 0.0, 1311799472, 50, Provo, UT
40.27355, -111.71106, 0.0, 1311799487, 50, Provo, UT
40.27355, -111.71106, 0.0, 1311799490, 50, Provo, UT
40.27355, -111.71106, 0.0, 1311799496, 50, Provo, UT
40.36167, -111.78734, 0.0, 1311801679, 50, Provo, UT
40.36167, -111.78734, 0.0, 1311801832, 50, Provo, UT
40.36167, -111.78734, 0.0, 1311801835, 50, Provo, UT
40.761765, -111.891075, 0.0, 1311803687, 50, Hill AFB, UT
40.769367, -111.891235, 0.0, 1311803809, 50, Hill AFB, UT
40.773705, -111.88952, 0.0, 1311804127, 50, Hill AFB, UT
40.773705, -111.88952, 0.0, 1311804205, 50, Hill AFB, UT
40.773758, -111.88941, 0.0, 1311804567, 50, Hill AFB, UT
40.773758, -111.88941, 0.0, 1311804867, 50, Hill AFB, UT
40.773758, -111.88941, 0.0, 1311804883, 50, Hill AFB, UT
40.773758, -111.88941, 0.0, 1311804892, 50, Hill AFB, UT
40.773758, -111.88941, 0.0, 1311804950, 50, Hill AFB, UT
40.773758, -111.88941, 0.0, 1311805094, 50, Hill AFB, UT
40.773758, -111.88941, 0.0, 1311805122, 50, Hill AFB, UT
40.773758, -111.88941, 0.0, 1311805130, 50, Hill AFB, UT
40.773758, -111.88941, 0.0, 1311805140, 50, Hill AFB, UT
40.771626, -111.894875, 0.0, 1311807244, 50, Hill AFB, UT
40.771626, -111.894875, 0.0, 1311807911, 50, Hill AFB, UT
40.771626, -111.894875, 0.0, 1311808066, 50, Hill AFB, UT
40.771626, -111.894875, 0.0, 1311808085, 50, Hill AFB, UT
40.771626, -111.894875, 0.0, 1311808252, 50, Hill AFB, UT
40.771626, -111.894875, 0.0, 1311808302, 50, Hill AFB, UT
40.771626, -111.894875, 0.0, 1311808352, 50, Hill AFB, UT
40.771626, -111.894875, 0.0, 1311808365, 50, Hill AFB, UT
40.771626, -111.894875, 0.0, 1311808416, 50, Hill AFB, UT
40.771626, -111.894875, 0.0, 1311808434, 50, Hill AFB, UT
40.771626, -111.894875, 0.0, 1311808440, 50, Hill AFB, UT
40.771626, -111.894875, 0.0, 1311808485, 50, Hill AFB, UT
40.771626, -111.894875, 0.0, 1311808495, 50, Hill AFB, UT
40.771626, -111.894875, 0.0, 1311808752, 50, Hill AFB, UT
40.771626, -111.894875, 0.0, 1311808789, 50, Hill AFB, UT
40.771626, -111.894875, 0.0, 1311808796, 50, Hill AFB, UT
40.771626, -111.894875, 0.0, 1311808823, 50, Hill AFB, UT
40.771626, -111.894875, 0.0, 1311808839, 50, Hill AFB, UT
40.771626, -111.894875, 0.0, 1311808879, 50, Hill AFB, UT
40.771626, -111.894875, 0.0, 1311809358, 50, Hill AFB, UT
40.771626, -111.894875, 0.0, 1311809370, 50, Hill AFB, UT
40.771626, -111.894875, 0.0, 1311809391, 50, Hill AFB, UT
40.798912, -111.91908, 0.0, 1311810432, 50, Hill AFB, UT
41.089504, -112.08056, 0.0, 1311812937, 50, Hill AFB, UT
41.089504, -112.08056, 0.0, 1311812948, 50, Hill AFB, UT
41.089504, -112.08056, 0.0, 1311813014, 50, Hill AFB, UT
41.055855, -112.24127, 0.0, 1311814233, 50, Ogden, UT
41.055855, -112.24127, 0.0, 1311814251, 50, Ogden, UT
41.055855, -112.24127, 0.0, 1311814277, 50, Ogden, UT
41.055855, -112.24127, 0.0, 1311814342, 50, Ogden, UT
41.055855, -112.24127, 0.0, 1311814353, 50, Ogden, UT
41.055855, -112.24127, 0.0, 1311814681, 50, Ogden, UT
41.055855, -112.24127, 0.0, 1311814796, 50, Ogden, UT
41.055855, -112.24127, 0.0, 1311815007, 50, Ogden, UT
41.055855, -112.24127, 0.0, 1311815316, 50, Ogden, UT
41.055855, -112.24127, 0.0, 1311815338, 50, Ogden, UT
41.055855, -112.24127, 0.0, 1311815347, 50, Ogden, UT
41.060673, -112.23644, 0.0, 1311815412, 50, Ogden, UT
41.060673, -112.23644, 0.0, 1311815434, 50, Ogden, UT
41.060673, -112.23644, 0.0, 1311815444, 50, Ogden, UT
41.060673, -112.23644, 0.0, 1311815527, 50, Ogden, UT
41.060673, -112.23644, 0.0, 1311815535, 50, Ogden, UT
41.060673, -112.23644, 0.0, 1311815558, 50, Ogden, UT
41.060673, -112.23644, 0.0, 1311815873, 50, Ogden, UT
41.060673, -112.23644, 0.0, 1311815988, 50, Ogden, UT
41.029152, -112.2044, 0.0, 1311817245, 50, Hill AFB, UT
41.029152, -112.2044, 0.0, 1311817260, 50, Hill AFB, UT
41.029152, -112.2044, 0.0, 1311817268, 50, Hill AFB, UT
40.76354, -111.904884, 0.0, 1311889241, 50, Hill AFB, UT
40.76354, -111.904884, 0.0, 1311889263, 50, Hill AFB, UT
40.76354, -111.904884, 0.0, 1311889298, 50, Hill AFB, UT
40.76354, -111.904884, 0.0, 1311889308, 50, Hill AFB, UT
40.76354, -111.904884, 0.0, 1311889784, 50, Hill AFB, UT
40.76354, -111.904884, 0.0, 1311889806, 50, Hill AFB, UT
40.76354, -111.904884, 0.0, 1311889846, 50, Hill AFB, UT
40.76354, -111.904884, 0.0, 1311890121, 50, Hill AFB, UT
40.76354, -111.904884, 0.0, 1311890132, 50, Hill AFB, UT
40.76354, -111.904884, 0.0, 1311890181, 50, Hill AFB, UT
40.76354, -111.904884, 0.0, 1311890515, 50, Hill AFB, UT
40.76354, -111.904884, 0.0, 1311890521, 50, Hill AFB, UT
40.76354, -111.904884, 0.0, 1311890688, 50, Hill AFB, UT
40.76354, -111.904884, 0.0, 1311892679, 50, Hill AFB, UT
40.76354, -111.904884, 0.0, 1311892700, 50, Hill AFB, UT
40.76354, -111.904884, 0.0, 1311892893, 50, Hill AFB, UT
40.76354, -111.904884, 0.0, 1311893525, 50, Hill AFB, UT
40.76354, -111.904884, 0.0, 1311894181, 50, Hill AFB, UT
40.76354, -111.904884, 0.0, 1311898666, 50, Hill AFB, UT
40.76354, -111.904884, 0.0, 1311898720, 50, Hill AFB, UT
40.76354, -111.904884, 0.0, 1311898769, 50, Hill AFB, UT
40.76354, -111.904884, 0.0, 1311898795, 50, Hill AFB, UT
40.76354, -111.904884, 0.0, 1311898806, 50, Hill AFB, UT
40.76354, -111.904884, 0.0, 1311898812, 50, Hill AFB, UT
40.76354, -111.904884, 0.0, 1311898835, 50, Hill AFB, UT
37.758553, -122.48804, 0.0, 1312010259, 50, San Francisco, CA
39.319862, -119.69045, 0.0, 1311966226, 50, Reno, NV
39.319862, -119.69045, 0.0, 1311966229, 50, Reno, NV
37.764366, -122.47614, 0.0, 1312047007, 50, San Francisco, CA
37.764366, -122.47614, 0.0, 1312047159, 50, San Francisco, CA
37.764366, -122.47614, 0.0, 1312047166, 50, San Francisco, CA
37.764366, -122.47614, 0.0, 1312047365, 50, San Francisco, CA
37.764366, -122.47614, 0.0, 1312047773, 50, San Francisco, CA
37.764366, -122.47614, 0.0, 1312047878, 50, San Francisco, CA
37.764366, -122.47614, 0.0, 1312047884, 50, San Francisco, CA
37.78439, -122.40765, 0.0, 1312062921, 50, San Francisco, CA
37.78439, -122.40765, 0.0, 1312063263, 50, San Francisco, CA
37.78439, -122.40765, 0.0, 1312063369, 50, San Francisco, CA
37.79854, -122.411, 0.0, 1312064046, 50, San Francisco, CA
37.79854, -122.411, 0.0, 1312064320, 50, San Francisco, CA
37.79854, -122.411, 0.0, 1312064593, 50, San Francisco, CA
37.79854, -122.411, 0.0, 1312064740, 50, San Francisco, CA
37.79854, -122.411, 0.0, 1312064838, 50, San Francisco, CA
37.79854, -122.411, 0.0, 1312065243, 50, San Francisco, CA
37.79854, -122.411, 0.0, 1312065635, 50, San Francisco, CA
37.79854, -122.411, 0.0, 1312065641, 50, San Francisco, CA
37.79854, -122.411, 0.0, 1312065692, 50, San Francisco, CA
37.79854, -122.411, 0.0, 1312065732, 50, San Francisco, CA
37.79854, -122.411, 0.0, 1312065846, 50, San Francisco, CA
37.79854, -122.411, 0.0, 1312065892, 50, San Francisco, CA
37.79854, -122.411, 0.0, 1312065929, 50, San Francisco, CA
37.79854, -122.411, 0.0, 1312065955, 50, San Francisco, CA
37.79854, -122.411, 0.0, 1312066337, 50, San Francisco, CA
37.80744, -122.41597, 0.0, 1312066872, 50, San Francisco, CA
37.808056, -122.41659, 0.0, 1312067356, 50, San Francisco, CA
37.808056, -122.41659, 0.0, 1312067372, 50, San Francisco, CA
37.808056, -122.41659, 0.0, 1312067625, 50, San Francisco, CA
37.808056, -122.41659, 0.0, 1312067713, 50, San Francisco, CA
37.808056, -122.41659, 0.0, 1312067720, 50, San Francisco, CA
37.808056, -122.41659, 0.0, 1312067777, 50, San Francisco, CA
37.808056, -122.41659, 0.0, 1312067789, 50, San Francisco, CA
37.808056, -122.41659, 0.0, 1312067896, 50, San Francisco, CA
37.808056, -122.41659, 0.0, 1312068291, 50, San Francisco, CA
37.808056, -122.41659, 0.0, 1312068401, 50, San Francisco, CA
37.808056, -122.41659, 0.0, 1312068410, 50, San Francisco, CA
37.808056, -122.41659, 0.0, 1312068477, 50, San Francisco, CA
37.808056, -122.41659, 0.0, 1312068627, 50, San Francisco, CA
37.808056, -122.41659, 0.0, 1312068685, 50, San Francisco, CA
37.808056, -122.41659, 0.0, 1312068951, 50, San Francisco, CA
37.803375, -122.402115, 0.0, 1312069384, 50, San Francisco, CA
37.803375, -122.402115, 0.0, 1312069534, 50, San Francisco, CA
37.803375, -122.402115, 0.0, 1312069538, 50, San Francisco, CA
37.803375, -122.402115, 0.0, 1312069695, 50, San Francisco, CA
37.803375, -122.402115, 0.0, 1312069704, 50, San Francisco, CA
37.803375, -122.402115, 0.0, 1312069809, 50, San Francisco, CA
37.803375, -122.402115, 0.0, 1312069950, 50, San Francisco, CA
37.803375, -122.402115, 0.0, 1312070012, 50, San Francisco, CA
37.803375, -122.402115, 0.0, 1312070124, 50, San Francisco, CA
37.803375, -122.402115, 0.0, 1312070385, 50, San Francisco, CA
37.803375, -122.402115, 0.0, 1312070391, 50, San Francisco, CA
37.803375, -122.402115, 0.0, 1312071400, 50, San Francisco, CA
37.803375, -122.402115, 0.0, 1312071556, 50, San Francisco, CA
37.803375, -122.402115, 0.0, 1312071572, 50, San Francisco, CA
37.803375, -122.402115, 0.0, 1312071634, 50, San Francisco, CA
37.803375, -122.402115, 0.0, 1312071742, 50, San Francisco, CA
37.795067, -122.3949, 0.0, 1312072822, 50, San Francisco, CA
37.795067, -122.3949, 0.0, 1312072829, 50, San Francisco, CA
37.795067, -122.3949, 0.0, 1312072976, 50, San Francisco, CA
37.795876, -122.39383, 0.0, 1312073898, 50, San Francisco, CA
37.795876, -122.39383, 0.0, 1312073901, 50, San Francisco, CA
37.784473, -122.40792, 0.0, 1312076031, 50, San Francisco, CA
37.784473, -122.40792, 0.0, 1312076039, 50, San Francisco, CA
37.784473, -122.40792, 0.0, 1312076738, 50, San Francisco, CA
37.784473, -122.40792, 0.0, 1312077681, 50, San Francisco, CA
37.784855, -122.40707, 0.0, 1312148249, 50, San Francisco, CA
37.784855, -122.40707, 0.0, 1312148325, 50, San Francisco, CA
37.784855, -122.40707, 0.0, 1312148345, 50, San Francisco, CA
37.784855, -122.40707, 0.0, 1312148351, 50, San Francisco, CA
37.784855, -122.40707, 0.0, 1312148391, 50, San Francisco, CA
37.784855, -122.40707, 0.0, 1312149333, 50, San Francisco, CA
37.78487, -122.43114, 0.0, 1312153595, 50, San Francisco, CA
37.785927, -122.40172, 0.0, 1312224410, 50, San Francisco, CA
37.785927, -122.40172, 0.0, 1312224770, 50, San Francisco, CA
37.785927, -122.40172, 0.0, 1312224772, 50, San Francisco, CA
37.785927, -122.40172, 0.0, 1312225173, 50, San Francisco, CA
37.785927, -122.40172, 0.0, 1312226110, 50, San Francisco, CA
37.785927, -122.40172, 0.0, 1312226115, 50, San Francisco, CA
37.785927, -122.40172, 0.0, 1312227181, 50, San Francisco, CA
37.785927, -122.40172, 0.0, 1312227219, 50, San Francisco, CA
37.785927, -122.40172, 0.0, 1312228712, 50, San Francisco, CA
37.785927, -122.40172, 0.0, 1312228760, 50, San Francisco, CA
37.785927, -122.40172, 0.0, 1312228789, 50, San Francisco, CA
37.785927, -122.40172, 0.0, 1312228991, 50, San Francisco, CA
37.790634, -122.39826, 0.0, 1312229382, 50, San Francisco, CA
37.790634, -122.39826, 0.0, 1312229401, 50, San Francisco, CA
37.790634, -122.39826, 0.0, 1312230999, 50, San Francisco, CA
37.790634, -122.39826, 0.0, 1312231323, 50, San Francisco, CA
37.790634, -122.39826, 0.0, 1312232707, 50, San Francisco, CA
37.790634, -122.39826, 0.0, 1312232774, 50, San Francisco, CA
37.79019, -122.39708, 0.0, 1312236562, 50, San Francisco, CA
37.789787, -122.39661, 0.0, 1312237161, 50, San Francisco, CA
37.792442, -122.40428, 0.0, 1312237511, 50, San Francisco, CA
37.792442, -122.40428, 0.0, 1312237544, 50, San Francisco, CA
37.792442, -122.40428, 0.0, 1312237678, 50, San Francisco, CA
37.792442, -122.40428, 0.0, 1312237861, 50, San Francisco, CA
37.792442, -122.40428, 0.0, 1312237980, 50, San Francisco, CA
37.792152, -122.404625, 0.0, 1312238010, 50, San Francisco, CA
37.794567, -122.40638, 0.0, 1312238248, 50, San Francisco, CA
37.794567, -122.40638, 0.0, 1312238285, 50, San Francisco, CA
37.79491, -122.40551, 0.0, 1312238729, 50, San Francisco, CA
37.795506, -122.40521, 0.0, 1312240687, 50, San Francisco, CA
37.798054, -122.40612, 0.0, 1312240731, 50, San Francisco, CA
37.798054, -122.40612, 0.0, 1312240897, 50, San Francisco, CA
37.800964, -122.40972, 0.0, 1312241440, 50, San Francisco, CA
37.800964, -122.40972, 0.0, 1312241754, 50, San Francisco, CA
37.802128, -122.41275, 0.0, 1312242051, 50, San Francisco, CA
37.802128, -122.41275, 0.0, 1312242079, 50, San Francisco, CA
37.801617, -122.41456, 0.0, 1312242211, 50, San Francisco, CA
37.801617, -122.41456, 0.0, 1312242693, 50, San Francisco, CA
37.801617, -122.41456, 0.0, 1312242831, 50, San Francisco, CA
37.801617, -122.41456, 0.0, 1312242920, 50, San Francisco, CA
37.801617, -122.41456, 0.0, 1312242935, 50, San Francisco, CA
37.801617, -122.41456, 0.0, 1312242943, 50, San Francisco, CA
37.79759, -122.422775, 0.0, 1312243055, 50, San Francisco, CA
37.79759, -122.422775, 0.0, 1312243073, 50, San Francisco, CA
37.79759, -122.422775, 0.0, 1312243128, 50, San Francisco, CA
37.79759, -122.422775, 0.0, 1312243136, 50, San Francisco, CA
37.79759, -122.422775, 0.0, 1312243154, 50, San Francisco, CA
37.79759, -122.422775, 0.0, 1312243158, 50, San Francisco, CA
37.79759, -122.422775, 0.0, 1312243219, 50, San Francisco, CA
37.79759, -122.422775, 0.0, 1312243231, 50, San Francisco, CA
37.79759, -122.422775, 0.0, 1312243248, 50, San Francisco, CA
37.79759, -122.422775, 0.0, 1312243294, 50, San Francisco, CA
37.79759, -122.422775, 0.0, 1312243378, 50, San Francisco, CA
37.79759, -122.422775, 0.0, 1312243388, 50, San Francisco, CA
37.79773, -122.42219, 0.0, 1312243774, 50, San Francisco, CA
37.80068, -122.42443, 0.0, 1312244372, 50, San Francisco, CA
37.800438, -122.43314, 0.0, 1312245112, 50, San Francisco, CA
37.80054, -122.43968, 0.0, 1312245987, 50, San Francisco, CA
37.78902, -122.4415, 0.0, 1312247479, 50, San Francisco, CA
37.78902, -122.4415, 0.0, 1312247497, 50, San Francisco, CA
37.78902, -122.4415, 0.0, 1312247694, 50, San Francisco, CA
37.78902, -122.4415, 0.0, 1312247708, 50, San Francisco, CA
37.78902, -122.4415, 0.0, 1312247789, 50, San Francisco, CA
37.78902, -122.4415, 0.0, 1312247872, 50, San Francisco, CA
37.78902, -122.4415, 0.0, 1312247879, 50, San Francisco, CA
37.78902, -122.4415, 0.0, 1312247889, 50, San Francisco, CA
37.791622, -122.44271, 0.0, 1312247961, 50, San Francisco, CA
37.791622, -122.44271, 0.0, 1312247974, 50, San Francisco, CA
37.789013, -122.44237, 0.0, 1312248296, 50, San Francisco, CA
37.789013, -122.44237, 0.0, 1312248394, 50, San Francisco, CA
37.789013, -122.44237, 0.0, 1312248461, 50, San Francisco, CA
37.789013, -122.44237, 0.0, 1312248501, 50, San Francisco, CA
37.789013, -122.44237, 0.0, 1312248812, 50, San Francisco, CA
37.785583, -122.408226, 0.0, 1312250394, 50, San Francisco, CA
37.77894, -122.41455, 0.0, 1312252768, 50, San Francisco, CA
37.77894, -122.41455, 0.0, 1312252788, 50, San Francisco, CA
37.76539, -122.47676, 0.0, 1312307285, 50, San Francisco, CA
37.76539, -122.47676, 0.0, 1312307351, 50, San Francisco, CA
37.770317, -122.46682, 0.0, 1312314356, 50, San Francisco, CA
37.770317, -122.46682, 0.0, 1312314398, 50, San Francisco, CA
37.770317, -122.46682, 0.0, 1312314464, 50, San Francisco, CA
37.770317, -122.46682, 0.0, 1312314595, 50, San Francisco, CA
37.764038, -122.476036, 0.0, 1312314810, 50, San Francisco, CA
37.759987, -122.46929, 0.0, 1312316358, 50, San Francisco, CA
37.759987, -122.46929, 0.0, 1312316471, 50, San Francisco, CA
37.759987, -122.46929, 0.0, 1312316531, 50, San Francisco, CA
37.765545, -122.4593, 0.0, 1312316809, 50, San Francisco, CA
37.765545, -122.4593, 0.0, 1312316831, 50, San Francisco, CA
37.77935, -122.46957, 0.0, 1312317140, 50, San Francisco, CA
37.77935, -122.46957, 0.0, 1312317153, 50, San Francisco, CA
37.78235, -122.471855, 0.0, 1312317653, 50, San Francisco, CA
37.779434, -122.476036, 0.0, 1312317940, 50, San Francisco, CA
37.7554, -122.47897, 0.0, 1312318388, 50, San Francisco, CA
37.76725, -122.473785, 0.0, 1312320191, 50, San Francisco, CA
37.76725, -122.473785, 0.0, 1312320266, 50, San Francisco, CA
37.784927, -122.41349, 0.0, 1312326513, 50, San Francisco, CA
37.784927, -122.41349, 0.0, 1312326521, 50, San Francisco, CA
37.784927, -122.41349, 0.0, 1312326529, 50, San Francisco, CA
37.76214, -122.48364, 0.0, 1312334775, 50, San Francisco, CA
37.79661, -122.27332, 0.0, 1312393233, 50, San Francisco, CA
37.79661, -122.27332, 0.0, 1312393305, 50, San Francisco, CA
34.2701, -118.79545, 0.0, 1312487165, 50, Van Nuys, CA
33.52943, -113.11478, 0.0, 1309884804, 50, Gila Bend, AZ
34.049232, -118.23872, 0.0, 1309975960, 50, Hawthorne, CA
34.098553, -118.32445, 0.0, 1309990424, 50, Burbank, CA
34.05871, -118.412, 0.0, 1310006197, 50, Santa Monica, CA
34.062634, -118.41703, 0.0, 1310007082, 50, Santa Monica, CA
35.67534, -105.953674, 0.0, 1310263092, 50, Santa Fe, NM
36.36359, -104.5994, 0.0, 1310337849, 50, Raton, NM
36.36359, -104.5994, 0.0, 1310337855, 50, Raton, NM
38.105106, -102.63417, 0.0, 1310353617, 50, Lamar, CO
41.848995, -87.631325, 0.0, 1310440370, 50, Chicago/Meigs, IL
41.893414, -87.61848, 0.0, 1310487316, 50, Chicago/Meigs, IL
41.89689, -87.61746, 0.0, 1310488901, 50, Chicago, IL
41.8729, -87.64248, 0.0, 1310505016, 50, Chicago/Meigs, IL
35.142673, -90.05178, 0.0, 1310562731, 50, Memphis Intl, TN
35.142673, -90.05178, 0.0, 1310562734, 50, Memphis Intl, TN
35.142673, -90.05178, 0.0, 1310562866, 50, Memphis Intl, TN
35.142773, -90.0482, 0.0, 1310563599, 50, Memphis Intl, TN
35.142773, -90.0482, 0.0, 1310563895, 50, Memphis Intl, TN
35.142773, -90.0482, 0.0, 1310564039, 50, Memphis Intl, TN
35.142773, -90.0482, 0.0, 1310564053, 50, Memphis Intl, TN
35.142773, -90.0482, 0.0, 1310565284, 50, Memphis Intl, TN
29.968077, -90.0922, 0.0, 1310678215, 50, New Orleans, LA
29.968077, -90.0922, 0.0, 1310678239, 50, New Orleans, LA
31.510876, -89.294815, 0.0, 1310827179, 50, Hattiesburg, MS
33.196228, -87.4872, 0.0, 1310840418, 50, Tuscaloosa, AL
35.2007, -81.37272, 0.0, 1310881468, 50, Charlotte, NC
35.2007, -81.37272, 0.0, 1310881473, 50, Charlotte, NC
40.741272, -73.88039, 0.0, 1310948831, 50, New York/LGA, NY
42.34664, -71.09113, 0.0, 1311465308, 50, Boston, MA
42.653942, -73.76508, 0.0, 1311547605, 50, Albany, NY
42.815094, -73.94614, 0.0, 1311556096, 50, Schenectady, NY
41.018288, -92.41497, 0.0, 1311641387, 50, Ottumwa, IA
41.018288, -92.41497, 0.0, 1311641398, 50, Ottumwa, IA
41.018288, -92.41497, 0.0, 1311641401, 50, Ottumwa, IA
40.26461, -103.62558, 0.0, 1311693123, 50, Akron, CO
40.26461, -103.62558, 0.0, 1311693131, 50, Akron, CO
40.253036, -103.79608, 0.0, 1311693736, 50, Akron, CO
40.72551, -111.88942, 0.0, 1311820483, 50, Hill AFB, UT
34.1429, -83.958405, 0.0, 1310870732, 50, Atlanta/Dklb, GA
40.72551, -111.88942, 0.0, 1311821136, 50, Hill AFB, UT
40.72551, -111.88942, 0.0, 1311821143, 50, Hill AFB, UT
37.79661, -122.27332, 0.0, 1312394173, 50, San Francisco, CA
